<?xml version="1.0" encoding="UTF-8"?>
<project-private xmlns="http://www.netbeans.org/ns/project-private/1">
    <editor-bookmarks xmlns="http://www.netbeans.org/ns/editor-bookmarks/2" lastBookmarkId="0"/>
    <open-files xmlns="http://www.netbeans.org/ns/projectui-open-files/2">
        <group>
            <file>file:/C:/Users/velat/Downloads/DBConnection8/DBConnection/src/dbconnection/InstructorFirstAction.java</file>
            <file>file:/C:/Users/velat/Downloads/DBConnection8/DBConnection/src/dbconnection/Main.java</file>
            <file>file:/C:/Users/velat/Downloads/DBConnection8/DBConnection/src/dbconnection/StudentSignIn.java</file>
            <file>file:/C:/Users/velat/Downloads/DBConnection8/DBConnection/src/dbconnection/AdminFirstAction.java</file>
            <file>file:/C:/Users/velat/Downloads/DBConnection8/DBConnection/src/dbconnection/AddStudent.java</file>
            <file>file:/C:/Users/velat/Downloads/DBConnection8/DBConnection/src/dbconnection/SelectionCourses.java</file>
            <file>file:/C:/Users/velat/Downloads/DBConnection8/DBConnection/src/dbconnection/EditInstructorManagement.java</file>
            <file>file:/C:/Users/velat/Downloads/DBConnection8/DBConnection/src/dbconnection/AddPersonAdmin.java</file>
            <file>file:/C:/Users/velat/Downloads/DBConnection8/DBConnection/src/dbconnection/AddCourse.java</file>
            <file>file:/C:/Users/velat/Downloads/DBConnection8/DBConnection/src/dbconnection/AddAdmin.java</file>
            <file>file:/C:/Users/velat/Downloads/DBConnection8/DBConnection/src/dbconnection/Tables.java</file>
            <file>file:/C:/Users/velat/Downloads/DBConnection8/DBConnection/src/dbconnection/MyCoursesStudent.java</file>
            <file>file:/C:/Users/velat/Downloads/DBConnection8/DBConnection/src/dbconnection/EditAdminManagement.java</file>
            <file>file:/C:/Users/velat/Downloads/DBConnection8/DBConnection/src/dbconnection/ShowStudentList.java</file>
            <file>file:/C:/Users/velat/Downloads/DBConnection8/DBConnection/src/dbconnection/StudentFirstAction.java</file>
            <file>file:/C:/Users/velat/Downloads/DBConnection8/DBConnection/src/dbconnection/EditStudentManagement.java</file>
            <file>file:/C:/Users/velat/Downloads/DBConnection8/DBConnection/src/dbconnection/AddInstructor.java</file>
            <file>file:/C:/Users/velat/Downloads/DBConnection8/DBConnection/src/dbconnection/DBConnection.java</file>
            <file>file:/C:/Users/velat/Downloads/DBConnection8/DBConnection/src/dbconnection/AdminEdit.java</file>
            <file>file:/C:/Users/velat/Downloads/DBConnection8/DBConnection/src/dbconnection/ShowCourseList.java</file>
            <file>file:/C:/Users/velat/Downloads/DBConnection8/DBConnection/src/dbconnection/ShowInstructorList.java</file>
            <file>file:/C:/Users/velat/Downloads/DBConnection8/DBConnection/src/dbconnection/Register.java</file>
            <file>file:/C:/Users/velat/Downloads/DBConnection8/DBConnection/src/dbconnection/ShowCourseOfInstructor.java</file>
            <file>file:/C:/Users/velat/Downloads/DBConnection8/DBConnection/src/dbconnection/menu.java</file>
            <file>file:/C:/Users/velat/Downloads/DBConnection8/DBConnection/src/dbconnection/ShowAdminList.java</file>
        </group>
    </open-files>
</project-private>
